{
    "defaultui":{
        "time_stamp":89597137.268100,
        "version":0.700000
    },
    "lib_common_ai":{
        "time_stamp":60510711.488600,
        "version":0.700000
    },
    "lib_control":{
        "time_stamp":448994621.014000,
        "version":0.700000
    },
    "script":{
        "time_stamp":790925.563600,
        "version":0.700000
    },
    "smallcard_get_items":{
        "time_stamp":35447292.299800,
        "version":0.700000
    },
    "smallcard_inventory":{
        "time_stamp":449178763.508700,
        "version":0.700000
    }
}