{
    "defaultui":{
        "time_stamp":89597179.744300,
        "version":0.700000
    },
    "lib_common_ai":{
        "time_stamp":60510734.338400,
        "version":0.700000
    },
    "lib_control":{
        "time_stamp":448994721.390500,
        "version":0.700000
    },
    "script":{
        "time_stamp":6700303.474700,
        "version":0.700000
    },
    "smallcard_get_items":{
        "time_stamp":167272642.090100,
        "version":0.700000
    },
    "smallcard_inventory":{
        "time_stamp":449178873.319600,
        "version":0.700000
    }
}